,Cleaned_Text
0, RESULT SUNDA  HARI JUMAT  OKTOBER  RESULT   SHIO  Harimau SELAMAT KEPADA PEMENANG SALAM JP FLOKITOTO httpstcomUuQRgys
1,AGEN SLOT GACOR HARI INI ASTABET  Jepri Asahi Partai Golkar Hujan Karen Galaxy S FE NA JAEMIN THANK YOU Brownies Sukuna Mendung chansoo MVnya Publish httpstcohwxnbIvlF
2, RESULT LAMPUNG  HARI JUMAT  OKTOBER  RESULT   SHIO  Ular SELAMAT KEPADA PEMENANG SALAM JP FLOKITOTO httpstcoowlAHUGsv
3,Masih banyak yg maen judi slot online
4,UnfaedahKeras 
5,helmy Vahaya judi slot ini dah kaya hama ajg
6,RESULT SURABAYA POOLS JUMAT  OKT  Result      Shio  BABI Whatsapp    Selamat Bagi yg JackPot Salam POKEMONTOTO keluaransurabayapoolspools resultsurabayapoolspools qrispokemontoto pokemontoto angkasurabayapoolspools Brownies httpstcooJSGpE
7,Keluaran Togel Mali  Oktober  Result   Shio  Kambing Selamat Kepada Member yang mendapatkan Jackpot Salam jackpot Paus
8, RESULT SURABAYA  HARI JUMAT  OKTOBER  RESULT   SHIO  Babi SELAMAT KEPADA PEMENANG SALAM JP FLOKITOTO httpstcoaPiOKZDX
9,INFO POLA SLOT GACOR HARI INI DI BETSLOT  OCT  JAM     FRUIT PARTY   MANUAL x  AUTO x  AUTO x  MANUAL x  DOUBLE CHANGE  OFF  LINK DAFTAR DI BIO GAS SEKARANG Sukuna Jepri IsraelTerorrist Jumat Gempa Publish Slot httpstcoImlsinFnTi
10,Link login FLOKITOTO   httpstcoDZoxeFwyY  Download App FLOKITOTO  httpstcoofEUqkcVCT httpstcoMSJprgyV
11,Situs judi slot gacor hari ini  Situs slot terpercaya   judislot slotgacorhariini slotterpercaya httpstcoSipaQEtVd
12,Main judi slot nih DaniWaldanI
13, RESULT TOTOMACAU D P  HARI JUMAT  OKTOBER  RESULT   SHIO  Monyet SELAMAT KEPADA PEMENANG SALAM JP FLOKITOTO httpstcolatotJ
14,Prediksi Togel Hebei   Oktober  ANGKA MAIN       COLOK BEBAS D   amp   TOP D   TOP D   TOP D   SHIO  HARIMAU ANGKA TWINS    Web Prediksi FlokiToto  httpstcoSApifwjz
15,Prediksi Togel Hongkong Even   Oktober  ANGKA MAIN       COLOK BEBAS D   amp   TOP D   TOP D   TOP D   SHIO  KUDA ANGKA TWINS    Web Prediksi FlokiToto  httpstcoZGaHGfAoM
16,Prediksi Togel Chonburi Night   Oktober  ANGKA MAIN       COLOK BEBAS D   amp   TOP D   TOP D   TOP D   SHIO  KELINCI ANGKA TWINS    Web Prediksi FlokiToto  httpstcoCTRDViDogP
17,RESULT SYDNEY EVEN POOLS JUMAT  OKT  Result      Shio  BABI Whatsapp    Selamat Bagi yg JackPot Salam POKEMONTOTO keluaransydneyevenpoolspools resultsydneyevenpoolspools qrispokemontoto pokemontoto angkasydneyevenpoolspools Brownies httpstcoyGduJGhAIE
18, RESULT BELARUSIA  HARI JUMAT  OKTOBER  RESULT   SHIO  Naga SELAMAT KEPADA PEMENANG SALAM JP FLOKITOTO httpstcoaUKzBiz
19, RESULT PALEMBANG  HARI JUMAT  OKTOBER  RESULT   SHIO  Ular SELAMAT KEPADA PEMENANG SALAM JP FLOKITOTO httpstcoreQIirx
20,Open pp rt retweet paid promo slot judi online 
21,Belut apa yang paling bahaya Belutang banyak di Pinjol Judi slot Adakami Akulaku  nabilataqiyyah PersebayaDay Gempa komedi lucu humor jokes cringe
22,CNNIndonesia apa judi slot msih bsa d pake gtugede bacot jg nih org
23,RESULT TOSHIMA POOLS JUMAT  OKT  Result      Shio  KERBAU Whatsapp    Selamat Bagi yg JackPot Salam POKEMONTOTO keluarantoshimapoolspools resulttoshimapoolspools qrispokemontoto pokemontoto angkatoshimapoolspools Jepri httpstcosBNMpUqerN
24, RESULT CHINA  HARI JUMAT  OKTOBER  RESULT   SHIO  Ular SELAMAT KEPADA PEMENANG SALAM JP FLOKITOTO httpstcopxtwiJZ
25, RESULT SYDNEY EVEN  HARI JUMAT  OKTOBER  RESULT   SHIO  Babi SELAMAT KEPADA PEMENANG SALAM JP FLOKITOTO httpstcoXmsvBfmJ
26, RESULT SPANYOL  HARI JUMAT  OKTOBER  RESULT   SHIO  Tikus SELAMAT KEPADA PEMENANG SALAM JP FLOKITOTO httpstcoXprmKbMGg
27, RESULT TOTOMACAU D P  HARI JUMAT  OKTOBER  RESULT   SHIO  Anjing SELAMAT KEPADA PEMENANG SALAM JP FLOKITOTO httpstcoiRKisNn
28, RESULT TEXAS D  HARI JUMAT  OKTOBER  RESULT   SHIO  Kerbau SELAMAT KEPADA PEMENANG SALAM JP FLOKITOTO httpstcoCmaBqLxH
29,Prediksi Togel Toto Macau SEASON    Oktober  ANGKA MAIN       COLOK BEBAS D   amp   TOP D   TOP D   TOP D   SHIO  TIKUS ANGKA TWINS    Web Prediksi FlokiToto  httpstcoieSWzUkH
30,Prediksi Togel Japan Even   Oktober  ANGKA MAIN       COLOK BEBAS D   amp   TOP D   TOP D   TOP D   SHIO  AYAM ANGKA TWINS    Web Prediksi FlokiToto  httpstcoNBoBQEAOK
31,RESULT SYDNEY POOLS JUMAT  OKT  Result      Shio  ANJING Whatsapp    Selamat Bagi yg JackPot Salam POKEMONTOTO keluaransydneypoolspools qrispokemontoto resultsydneypoolspools pokemontoto angkasydneypoolspools Hyungwon httpstcoPqHUthtDw
32,BOLAKALI 
33, RESULT TOSHIMA  HARI JUMAT  OKTOBER  RESULT   SHIO  Kerbau SELAMAT KEPADA PEMENANG SALAM JP FLOKITOTO httpstcoynpKktlvAg
34,RESULT POIPET  POOLS JUMAT  OKT  Result      Shio  ULAR Whatsapp    Selamat Bagi yg JackPot Salam POKEMONTOTO keluarangabonpoolspools qrispokemontoto resultgabonpoolspools pokemontoto angkagabonpoolspools Gempa httpstcoUwSLNV
35,RESULT GABON POOLS JUMAT  OKT  Result      Shio  ANJING Whatsapp    Selamat Bagi yg JackPot Salam POKEMONTOTO keluarangabonpoolspools  resultgabonpoolspools qrispokemontoto pokemontoto angkagabonpoolspools Gempa httpstcoJXlPfzo
36,Situs Slot Gacor Terbaru  Daftar Situs Slot Gacor  Link Slot Gacor  httpstcoIZkewRykT  slotgacor slotgacorhariini slottergacor slot httpstcoAUDjzkNvUK
37,Bener juga kalau udah kalah amp  rugi baru merasa jadi korban slot    yg disebut korban harusnya pihak ke yg terganggu sama pelaku judi online nya httpstcowYaOePPaN
38, RESULT JAMBI  HARI JUMAT  OKTOBER  RESULT   SHIO  Naga SELAMAT KEPADA PEMENANG SALAM JP FLOKITOTO httpstcoxkZuKQFTq
39,httpstcoAvQdAfJ  indo judislot  slotonline  slotgacor httpstcoZsOZFVWPeS
40,muhamadshidqi Bang haji Oma harusnya aransemen ulang lagu judi atau bikin lagi baru judulnya slot nggih Gus
41,Menteri Kominfo Budi Arie protes keras ke Meta Protes ini dilayangkan karena di kedua platform tersebut kerap muncul promosi judi slot online Budi Arie telah meminta dua platform itu untuk segera menghilangkan kontenkonten promosi judi slot online dalam waktu cepat httpstcoGfYQryZZOd
42,Prediksi Togel Japan Pools   Oktober  ANGKA MAIN       COLOK BEBAS D   amp   TOP D   TOP D   TOP D   SHIO  KUDA ANGKA TWINS    Web Prediksi FlokiToto  httpstcoRjqYdAUM
43,dikasih lah sm kawanku yg satu itu cuma kami takutnya itu uang bukan dipake buat kebutuhan sm istrinya soalnya dia minta pinjem udh sering dan alesannya lg susah sm istrinya takutnya dipake judi slot  
44, RESULT SYDNEY  HARI JUMAT  OKTOBER  RESULT   SHIO  Anjing SELAMAT KEPADA PEMENANG SALAM JP FLOKITOTO httpstcoKqRoHG
45,BUAH BONANZA BIKIN NAGIH BO terpercaya   Main Slot  Situs Judi Online  Agen Slot  Slot Maxwin  Situs Aman Terpercaya  WARNING Video Slot ini Dibuat Hanya Untuk Hiburan Semata Usia  Hanya Hiburan Bukan Untuk Ditiru ARENA BERMAIN  httpstcopoRjLIFMu httpstcofPlaiJyk
46,Prediksi Togel Sunda Pools   Oktober  ANGKA MAIN       COLOK BEBAS D   amp   TOP D   TOP D   TOP D   SHIO  KAMBING ANGKA TWINS    Web Prediksi FlokiToto  httpstcovjZtMEco
47,RESULT JUVENTUS POOLS JUMAT  OKT  Result      Shio  ULAR Whatsapp    Selamat Bagi yg JackPot Salam POKEMONTOTO keluaranjuventuspoolspools resultjuventuspoolspools qrispokemontoto pokemontoto angkajuventuspoolspools ADASERATUS httpstcoAhgarEIoqm
48,Prediksi Togel Lampung Pools   Oktober  ANGKA MAIN       COLOK BEBAS D   amp   TOP D   TOP D   TOP D   SHIO  KERBAU ANGKA TWINS    Web Prediksi FlokiToto  httpstcoNshgX
49,RESULT JOWO POOLS P JUMAT  OKT Result      Shio  KERBAU Whatsapp    Selamat Bagi yg JackPot Salam POKEMONTOTO keluaranjowopoolsppools resultjowopoolsppools qrispokemontoto pokemontoto angkajowopoolsppools MOMSORRY httpstcoKrLoprCK
50,Prediksi Togel Surabaya   Oktober  ANGKA MAIN       COLOK BEBAS D   amp   TOP D   TOP D   TOP D   SHIO  NAGA ANGKA TWINS    Web Prediksi FlokiToto  httpstcoDcvLAUlZ
51,Prediksi Togel Toto Macau SEASON    Oktober  ANGKA MAIN       COLOK BEBAS D   amp   TOP D   TOP D   TOP D   SHIO  AYAM ANGKA TWINS    Web Prediksi FlokiToto  httpstcoepoZVuj
52, RESULT TOTOMACAI D P  HARI JUMAT  OKTOBER  RESULT   SHIO  Anjing SELAMAT KEPADA PEMENANG SALAM JP FLOKITOTO httpstcoxNSnjOJ
53,RESULT OCEANIA POOLS JUMAT  OKT  Result      Shio  NAGA Whatsapp    Selamat Bagi yg JackPot Salam POKEMONTOTO keluaranoceaniapoolspools daftarpokemontoto resultoceaniapoolspools qrispokemontoto pokemontoto angkaoceaniapoolspools Scar httpstcozVkxBrwo
54,RESULT CALIFORNIA POOLS JUMAT  OKT  Result      Shio  KAMBING Whatsapp    Selamat Bagi yg JackPot Salam POKEMONTOTO keluaranoregonpoolspools resultoregonpoolspools qrispokemontoto pokemontoto angkaoregonpoolspools MOMSORRY httpstcokkmUZFRs
55,Popigt gt  Situs Judi Bola Online serta Bandar Slot Paling Dipercaya  Agen Togel Online dengan pelayanan Terbaik Member Baru Dijamin WD amp  Kemenangan Berapapun kami Proseskan    Link DaftarLogin  httpstcozbhevvRbTC Payd judislot slotonline pragmatic bogacor httpstcoiaMgHlFk
56,Popigt gt  Situs Judi Bola Online serta Bandar Slot Paling Dipercaya  Agen Togel Online dengan pelayanan Terbaik Member Baru Dijamin WD amp  Kemenangan Berapapun kami Proseskan    Link DaftarLogin  httpstcozbhevvRbTC Payd judislot slotonline pragmatic bogacor httpstcooXGSBXXVp
57,RESULT CHONBURI POOLS JUMAT  OKT  Result      Shio  KAMBING Whatsapp    Selamat Bagi yg JackPot Salam POKEMONTOTO keluaranchonburipoolspools resultchonburipoolspools qrispokemontoto pokemontoto angkachonburipoolspools EdSheeran httpstcoRNgdncWybw
58,Daftar Situs Judi Slot   LINK SLOT GACOR httpstcoQRUNyLQ  GOPAY slot pulsa slot deposit pulsa slot deposit pulsa ribu slot deposit  via pulsa slot deposit via pulsa slot deposit via pulsa  slot deposit pulsa tanpa potongan situs slot deposit qris httpstcoVofpE
59, RESULT GABON  HARI JUMAT  OKTOBER  RESULT   SHIO  Anjing SELAMAT KEPADA PEMENANG SALAM JP FLOKITOTO httpstcooxMfpzHvl
60,GOPAY Situs Judi Slot Deposit Ovo Tanpa Potongan Paling Gacor   LINK GACOR httpstcojyqudPAJu  slot via ovo deposit via ovo slot deposit ovo  slot gopay  deposit slot  main slot online judi online slot gacor info slot gacor rtp slot slot gacor httpstcoowKTZzC
61,Prediksi Togel Palembang Pools   Oktober  ANGKA MAIN       COLOK BEBAS D   amp   TOP D   TOP D   TOP D   SHIO  MONYET ANGKA TWINS    Web Prediksi FlokiToto  httpstcoxsTCWVblJb
62,Prediksi Togel Belarusia   Oktober  ANGKA MAIN       COLOK BEBAS D   amp   TOP D   TOP D   TOP D   SHIO  KAMBING ANGKA TWINS    Web Prediksi FlokiToto  httpstcoFCovfSqERR
63, RESULT BALI  HARI JUMAT  OKTOBER  RESULT   SHIO  Ular SELAMAT KEPADA PEMENANG SALAM JP FLOKITOTO httpstconirikLkO
64,Pengakuan Menkominfo Banyak PNS Main Judi Slot Online  httpstcooYBNHxJrr
65,Prediksi Togel China Pools   Oktober  ANGKA MAIN       COLOK BEBAS D   amp   TOP D   TOP D   TOP D   SHIO  HARIMAU ANGKA TWINS    Web Prediksi FlokiToto  httpstcomARDEYm
66, RESULT LEEDS  HARI JUMAT  OKTOBER  RESULT   SHIO  Kerbau SELAMAT KEPADA PEMENANG SALAM JP FLOKITOTO httpstcobRsiOKaEI
67, RESULT OREGON   HARI JUMAT  OKTOBER  RESULT   SHIO  Kambing SELAMAT KEPADA PEMENANG SALAM JP FLOKITOTO httpstcopGwvfYYByH
68,Di KETUASLOT bisa pilih server gacor ya kakak Ada beberapa pilihan server sekarang  Hongkong Filipina Thailand Kamboja Jepang Singapore Amerika pilih server gacor versimu sendiri makin gacor profit makin besar salam JP Untuk semua member setia slotserverluar ketuaslotgacor httpstcoThViIApn
69,Result  COLOMBIA   OCT  HASIL RESULT D   SAH Shio  KELINCI Unsur TANAH  DIVA Situs Judi Online SLOTCASINOTOGELSPORT BOOKDLL Min Depo Rp  Min WithDraw Rp DEPO Via PULSA TELKOMSEL amp  XL  Min DP Rp httpstcoSFDGAEleu
70,awank Kalau udah di bayar Zionis Israel jangan lupa bayar pinjol jangan di buat main judi slot ya
71, RESULT TAIWAN BALL  HARI JUMAT  OKTOBER  RESULT   SHIO  Kambing SELAMAT KEPADA PEMENANG SALAM JP FLOKITOTO httpstcomafOnLO
72,urfavsellen jawafess Cowo kamu juga bahaya semua orang yang main judi slot itu resikonya bahaya Kok ya masih cari pembenaran
73, RESULT CAMBODIA  HARI JUMAT  OKTOBER  RESULT   SHIO  Kelinci SELAMAT KEPADA PEMENANG SALAM JP FLOKITOTO httpstcogRoSCHSBv
74,Untuk kemkominfo masih situh judislot online yg sdh banyak korban akibat situs tsb segeralah diblokirin tuh situs
75, RESULT PHILIPINA  HARI JUMAT  OKTOBER  RESULT   SHIO  Monyet SELAMAT KEPADA PEMENANG SALAM JP FLOKITOTO httpstcoMbywLvCf
76,BENTOSLOT gt gt  Situs Judi Online Paling Dipercaya Member Baru Dijamin WD Berapapun kami Proseskan  Link DaftarLogin  httpstcoIOFAyIkAQb   rtpslot slotgacor casino torendah gatesofolympus starlightprincess judislotonline pragmaticplay togelonline maxwinslot httpstcoNvrmFVug
77,BENTOSLOT gt gt  Situs Judi Online Paling Dipercaya Member Baru Dijamin WD Berapapun kami Proseskan  Link DaftarLogin  httpstcoIOFAyIkAQb   rtpslot slotgacor casino torendah gatesofolympus starlightprincess judislotonline pragmaticplay togelonline maxwinslot httpstcozONhrOfTh
78,Prediksi Togel Texasd   Oktober  ANGKA MAIN       COLOK BEBAS D   amp   TOP D   TOP D   TOP D   SHIO  KELINCI ANGKA TWINS    Web Prediksi FlokiToto  httpstcocsWBUR
79,Kodomo gt gt  Situs Judi Bola Online serta Bandar Slot Paling Dipercaya  Agen Togel Online dengan pelayanan Terbaik Member Baru Dijamin WD amp  Kemenangan Berapapun kami Proseskan  Modal Receh Jadi Jutawan   Link DaftarLogin  httpstcoTwkurqgzkT httpstcowDlQpPTGs
80,Kodomo gt gt  Situs Judi Bola Online serta Bandar Slot Paling Dipercaya  Agen Togel Online dengan pelayanan Terbaik Member Baru Dijamin WD amp  Kemenangan Berapapun kami Proseskan  Modal Receh Jadi Jutawan   Link DaftarLogin  httpstcoTwkurqgzkT httpstcovIhgmfr
81,VIVOBET Situs Judi Online Deposit Dana Tanpa Potongan VIVOBET  Prediksi Mix Parlay  Oktober    httpstcowgQiGfCbh
82,Prediksi Togel Toshima Pools   Oktober  ANGKA MAIN       COLOK BEBAS D   amp   TOP D   TOP D   TOP D   SHIO  HARIMAU ANGKA TWINS    Web Prediksi FlokiToto  httpstcojTdqqZwJ
83,Flow algoritma reelsku  Skateboardxgames gt  girlgroup korea gt  iklan judi slot gt  parenting gt  standup comedy gt  iklan judi slot gt  ustadceramah  Apa ig tidak pusing
84, RESULT DEWATA  HARI JUMAT  OKTOBER  RESULT   SHIO  Anjing SELAMAT KEPADA PEMENANG SALAM JP FLOKITOTO httpstcoXoQmCov
85, RESULT OREGON   HARI JUMAT  OKTOBER  RESULT   SHIO  Ular SELAMAT KEPADA PEMENANG SALAM JP FLOKITOTO httpstcoNKByFXhtXk
86,prestasi palembang top  pemain judi slot terbanyak di indo
87,Prediksi Togel Jambi Pools   Oktober  ANGKA MAIN       COLOK BEBAS D   amp   TOP D   TOP D   TOP D   SHIO  TIKUS ANGKA TWINS    Web Prediksi FlokiToto  httpstcomwWsFWhBN
88,Keluaran Togel Carolina Eve  Oktober  Result   Shio  Harimau Selamat Kepada Member yang mendapatkan Jackpot Salam jackpot Paus
89,keencang Harusnya gimana kak  Udah bagus diajak kenalan bukan diajakin main judi slot 
90, RESULT CAROLINA EVENING HARI JUMAT  OKTOBER  RESULT   SHIO  Harimau SELAMAT KEPADA PEMENANG SALAM JP FLOKITOTO httpstcobZqeUrSpg
91, RESULT JUVENTUS HARI JUMAT  OKTOBER  RESULT   SHIO  Ular SELAMAT KEPADA PEMENANG SALAM JP FLOKITOTO httpstcopyvvVlZQ
92, RESULT OREGON  HARI JUMAT  OKTOBER  RESULT   SHIO  Tikus SELAMAT KEPADA PEMENANG SALAM JP FLOKITOTO httpstcoHefdpSzr
93,FREE BET SEDANG DITUTUP Live RTP Slot Gacor Online Indonesia Pragmatic Play  Koi Pond  Rainbow Gold  Link Gacor httpstcoRHdEDtCr  slotgacorhariini BebasSeenaknya slotterpercaya slotgacor judislot VCS bokepindo lagiviral bokepviral dood bokepsma bokep httpstcowqxhnJb
94,LimD gt gt  Situs Judi Bola Online serta Bandar Slot Paling Dipercaya  Agen Togel Online dengan pelayanan Terbaik Member Baru Dijamin WD amp  Kemenangan Berapapun kami Proseskan  Link  DaftarLogin  httpstcoGIVCpvS  slotsonline judislot rtpgacor slot gatesofolympus httpstcoJBtvSOco
95,LimD gt gt  Situs Judi Bola Online serta Bandar Slot Paling Dipercaya  Agen Togel Online dengan pelayanan Terbaik Member Baru Dijamin WD amp  Kemenangan Berapapun kami Proseskan  Link  DaftarLogin  httpstcoGIVCpvS  slotsonline judislot rtpgacor slot gatesofolympus httpstcoiQEqAvIQK
96,Woi anj w gapernah judi knp byk sms sama wa dari admin slot su
97,LIGA  BRI INDONESIA   PSM Makasar VS Arema FC Prediksi  Jumat  Oktober   WIB  LINK LIVE  httpstcolmmfEusxT  jaya BRILiga judibola parlay BRILiga ligaindonesia liga PSM AremaFC Aremamalang httpstcoFWbduW
98,Sizi gt gt  Situs Judi Bola Online serta Bandar Slot Paling Dipercaya  Agen Togel Online dengan pelayanan Terbaik Member Baru Dijamin WD amp  Kemenangan Berapapun kami Proseskan    Link DaftarLogin  httpstcozSyWShnEk httpstcosRaHocMpMm
99,Sizi gt gt  Situs Judi Bola Online serta Bandar Slot Paling Dipercaya  Agen Togel Online dengan pelayanan Terbaik Member Baru Dijamin WD amp  Kemenangan Berapapun kami Proseskan    Link DaftarLogin  httpstcozSyWShnEk httpstcowSCTpLEe
100,LIGA  BRI INDONESIA   Bali United VS Persebaya Surabaya Prediksi  Jumat  Oktober   WIB  LINK LIVE  httpstcolmmfEusxT  jaya BRILiga judibola parlay BRILiga ligaindonesia liga baliunited baliutd PersebayaDay persebaya httpstcodnGhOAAXs
101,txtdrimedia Kena judi slot ni atau dipaksa temennya
102,LIGA  BRI INDONESIA   Persikabo  VS PSIS Semarang Prediksi  Jumat  Oktober   WIB  LINK LIVE  httpstcolmmfEusxT  jaya BRILiga judibola parlay BRILiga ligaindonesia liga psisday psis persikabo httpstcoPcrLdx
103, RESULT BENIN HARI JUMAT  OKTOBER  RESULT   SHIO  Ular SELAMAT KEPADA PEMENANG SALAM JP FLOKITOTO httpstcovgqVRz
104,POLA KHUSUS SLOT GACOR TERPERCAYA HARI INI SPINWIN  OKT   LUCKY NEKO   x Manual  Turbo OFF  x Auto  Turbo ON x Auto  Turbo OFF  x Auto  Turbo ON   LINK DAFTAR RESMI httpstcodTAmpSsW GASSSBRAYY  Mahfud Cawapres Jumat GAMA MOM SORRY Alphard SKCK httpstcoEgSNsf
105,Nilagt  Situs Judi Bola Online serta Bandar Slot Paling Dipercaya  Agen Togel Online dengan Pelayanan terbaik       Link DaftarLogin  httpstcoxcHbZbxpW  judislot slotsonline rtpslot rtpgacor httpstcoGPIXOiidj
106,Nilagt  Situs Judi Bola Online serta Bandar Slot Paling Dipercaya  Agen Togel Online dengan Pelayanan terbaik       Link DaftarLogin  httpstcoxcHbZbxpW  judislot slotsonline rtpslot rtpgacor httpstcoVQKVcUKZg
107,Nilagt  Situs Judi Bola Online serta Bandar Slot Paling Dipercaya  Agen Togel Online dengan Pelayanan terbaik       Link DaftarLogin  httpstcoxcHbZbxpW  judislot slotsonline rtpslot rtpgacor httpstcoPsjXXBiv
108, RESULT OCEANIA HARI JUMAT  OKTOBER  RESULT   SHIO  Naga SELAMAT KEPADA PEMENANG SALAM JP FLOKITOTO httpstcovOyqepofd
109, RESULT OREGON  HARI JUMAT  OKTOBER  RESULT   SHIO  Ayam SELAMAT KEPADA PEMENANG SALAM JP FLOKITOTO httpstcocisqKgMqR
110,Slot Judi
111, RESULT CALIFORNIA HARI JUMAT  OKTOBER  RESULT   SHIO  Kambing SELAMAT KEPADA PEMENANG SALAM JP FLOKITOTO httpstcoIJVrPOzK
112,Hothand fallacy ini menjadi salah satu teorema kerangka model bisnis operator judi dengan membiarkan penjudi untuk menang beberapa kali lalu setelah itu dibuat kalah   httpstcohHmkEc edisi judi slot psikologis
113,InfoSerieA vqTakumi judi slot kakek zeus
114,Macan Situs Judi Slot Online  Web  httpstcoViBozHu Situs RTP Live Slot Gacor slot slotonline slotgacor macan pragmatic colosal BarnFestival littlegem shininghot GorillaMayhem Muertos pgsoft Mysticalspirit httpstcopGdJdzJIoU
115, RESULT CHONBURI HARI JUMAT  OKTOBER  RESULT   SHIO  Kambing SELAMAT KEPADA PEMENANG SALAM JP FLOKITOTO httpstcotElSbfNlb
116, RESULT OREGON  HARI JUMAT  OKTOBER  RESULT   SHIO  Ular SELAMAT KEPADA PEMENANG SALAM JP FLOKITOTO httpstcobKNYYerBM
117,ohiyaa mereka tukang slot judol juga kan yaa sosoan bgttt ngatain akun avkor urus dulu sono slot judi lu utang lu udah numpuk tau wkwkwkwkwk
118,Alibababet Adalah Situs Judi Online Terpercaya Yang Sudah Berlisensi Resmi   Bonus  Member Baru DEPOSIT IDR  DAPAT IDR    Ada Info RTP Slot Gacor Setiap Hari   Whatsapp Resmi    Link Situs  Ketik Di Google Alibababet  alibababet httpstcoiZXTWEebuZ
119,Jadwal MacanBola Tanggal    oktober  Situs MACANBOLA adalah situs judi bola dan live casino serta slot games yang popular di Ranah Asia aman dan terpercaya  INDONESIA LIGACHAMPIONS LIGAEROPA PIALADUNIA LIGASPANYOL LIGAINGGRIS LIGAINDONESIA BUNDESLIGA LIGAITALIA httpstcoYIVQAxjj
120, RESULT OREGON  HARI JUMAT  OKTOBER  RESULT   SHIO  Harimau SELAMAT KEPADA PEMENANG SALAM JP FLOKITOTO httpstcokNcyCPHLj
121, KLIK  LINK LOGIN  httpstcoKwnXhXDt MAIN DI TEMPAT KAMI  PASTI DI BAYARBERAPAPUN KEMENANGGANNYAKLIK ADALAH AGEN JUDI ONLINE SEPAKBOLASLOTCASINOPOKER DAN TOGEL  LINK LOGIN  httpstcoKwnXhXDt KLIK DISINI WHATSAPP  httpstcoJxDkBCDob httpstcotYHNbMHW
122,TAK PERLU LAGI TAKUT RUNGKAT sekarang di ketuaslot kamu bisa pili server nya sendiri dan kesempatan untuk menang jauh lebi besar ya buruan cobain httpstcoxcVjeYQa httpstcoyZQPBuLZF
123, KLIK  LINK LOGIN  httpstcoKwnXhXDt MAIN DI TEMPAT KAMI  PASTI DI BAYARBERAPAPUN KEMENANGGANNYAKLIK ADALAH AGEN JUDI ONLINE SEPAKBOLASLOTCASINOPOKER DAN TOGEL  LINK LOGIN  httpstcoKwnXhXDt KLIK DISINI WHATSAPP  httpstcoJxDkBCDob httpstcousPIoUEg
124,CNNIndonesia Antisipasi slot judi dan pinjol laknat
125,Jantanslot situs judi online terpercaya pasti bayar dan dapatkan rtp slot gacor terupdate di hacketslot  maxwin JANTANSLOT JANTANSLOT slot slotonline totoslot maniaslot gameslot bocoranslot daftarslot agenbola slotgacor slotserverthailand httpstcoipVoJAty
126,rio Mmmm bole asal maen game nya bukan game judi slot 
127, RESULT ZIMBABWE HARI JUMAT  OKTOBER  RESULT   SHIO  Naga SELAMAT KEPADA PEMENANG SALAM JP FLOKITOTO httpstcoKqkJdaDvzy
128, RESULT OREGON  HARI JUMAT  OKTOBER  RESULT   SHIO  Anjing SELAMAT KEPADA PEMENANG SALAM JP FLOKITOTO httpstcorISxJy
129, KLIK  LINK LOGIN  httpstcoKwnXhXDt MAIN DI TEMPAT KAMI  PASTI DI BAYARBERAPAPUN KEMENANGGANNYAKLIK ADALAH AGEN JUDI ONLINE SEPAKBOLASLOTCASINOPOKER DAN TOGEL  LINK LOGIN  httpstcoKwnXhXDt KLIK DISINI WHATSAPP  httpstcoJxDkBCDob httpstcoPPioNywWQ
130, MAIN DI TEMPAT KAMI  PASTI DI BAYARBERAPAPUN KEMENANGGANNYAKLIK ADALAH AGEN JUDI ONLINE SEPAKBOLASLOTCASINOPOKER DAN TOGEL  LINK LOGIN  httpstcoKwnXhXDt INFO LEBIH LANJUT BISA HUBUNGI  KLIK DISINI WHATSAPP  httpstcoJxDkBCDob httpstcocUjgSKcDxr
131,Prediksi Togel Toto Macau SEASON    Oktober  ANGKA MAIN       COLOK BEBAS D   amp   TOP D   TOP D   TOP D   SHIO  ANJING ANGKA TWINS    Web Prediksi FlokiToto  httpstcolAoWcBKMjI
132,Prediksi Togel Oregon    Oktober  ANGKA MAIN       COLOK BEBAS D   amp   TOP D   TOP D   TOP D   SHIO  KUDA ANGKA TWINS    Web Prediksi FlokiToto  httpstcouDPMQTfRy
133,Prediksi Togel Magnum Cambodia   Oktober  ANGKA MAIN       COLOK BEBAS D   amp   TOP D   TOP D   TOP D   SHIO  NAGA ANGKA TWINS    Web Prediksi FlokiToto  httpstcoMGfMBnj
134,Prediksi Togel Dewata Pools   Oktober  ANGKA MAIN       COLOK BEBAS D   amp   TOP D   TOP D   TOP D   SHIO  KELINCI ANGKA TWINS    Web Prediksi FlokiToto  httpstconzmyWvaU
135, RESULT ASCOLI HARI JUMAT  OKTOBER  RESULT   SHIO  Kambing SELAMAT KEPADA PEMENANG SALAM JP FLOKITOTO httpstcoZVUJhNKaG
136,Prediksi Togel Carolina Evening   Oktober  ANGKA MAIN       COLOK BEBAS D   amp   TOP D   TOP D   TOP D   SHIO  MONYET ANGKA TWINS    Web Prediksi FlokiToto  httpstcoyrhztnTaw
137,Prediksi Togel Oregon    Oktober  ANGKA MAIN       COLOK BEBAS D   amp   TOP D   TOP D   TOP D   SHIO  ANJING ANGKA TWINS    Web Prediksi FlokiToto  httpstcoZXaVigcZl
138,Prediksi Togel Juventus Pools   Oktober  ANGKA MAIN       COLOK BEBAS D   amp   TOP D   TOP D   TOP D   SHIO  HARIMAU ANGKA TWINS    Web Prediksi FlokiToto  httpstcoexmAQGPv
139,Prediksi Togel Benin Pools   Oktober  ANGKA MAIN       COLOK BEBAS D   amp   TOP D   TOP D   TOP D   SHIO  ULAR ANGKA TWINS    Web Prediksi FlokiToto  httpstcoRNaobryl
140,Prediksi Togel Oceania Pools   Oktober  ANGKA MAIN       COLOK BEBAS D   amp   TOP D   TOP D   TOP D   SHIO  KERBAU ANGKA TWINS    Web Prediksi FlokiToto  httpstconvkRORzoa
141,Prediksi Togel California Pools   Oktober  ANGKA MAIN       COLOK BEBAS D   amp   TOP D   TOP D   TOP D   SHIO  HARIMAU ANGKA TWINS    Web Prediksi FlokiToto  httpstcoMuSIzRQDkN
142,Prediksi Togel Chonburi Pools   Oktober  ANGKA MAIN       COLOK BEBAS D   amp   TOP D   TOP D   TOP D   SHIO  ANJING ANGKA TWINS    Web Prediksi FlokiToto  httpstcoZrZvHoid
143,Prediksi Togel Oregon    Oktober  ANGKA MAIN       COLOK BEBAS D   amp   TOP D   TOP D   TOP D   SHIO  HARIMAU ANGKA TWINS    Web Prediksi FlokiToto  httpstconUUMUfH
144, RESULT OREGON  HARI JUMAT  OKTOBER  RESULT   SHIO  Kuda SELAMAT KEPADA PEMENANG SALAM JP FLOKITOTO httpstcoEqvcAKtjMS
145, MAIN DI TEMPAT KAMI  PASTI DI BAYARBERAPAPUN KEMENANGGANNYAKLIK ADALAH AGEN JUDI ONLINE SEPAKBOLASLOTCASINOPOKER DAN TOGEL  LINK LOGIN  httpstcoKwnXhXDt INFO LEBIH LANJUT BISA HUBUNGI  KLIK DISINI WHATSAPP  httpstcoJxDkBCDob httpstcoyFWGNXaTI
146,RTP SLOT GACOR HARI INI  OKTOBER   gt gt  Klaim Bonus New Player   httpstcofOKPATD  mgm slotgacor slotonline  infoslot infogacor infomaxwin linkgacor situsgacor slottergacor infolinkgacor daftarslot rtpslot slotgacorterbaru situsjudionline httpstcoIefVGyWp
147,Tancapd adalah situs judi slot amp  togel online terpercaya Selamat Untuk Member Setia Kami Bos Bud DP   WD   GAMES  Gates of Olympus Di jamin Member Baru Dimanja Bos Link Daftar  httpstcoPMxALYOSjj  tancapd slotonline slotgacor buktiwd tancapd httpstcolGOOHdSMse
148,Bocoran Slot Mudah Jackpot Browind Resmi di Indonesia  Pola Slot Terbaik Dengan Kemenangan Tingkat Tertinggi JP Berapapun Pasti di Bayar Lunas  Browind SlotAntiRungkad SitusSlotGacor SlotMudahJackpot SlotDepositPulsa PolaSlot BocoranSlot RTPSlot JudiSlot BandarSlot httpstcoVXGLVT
149,Yg kecanduan judi slot juga moga bisa segera sadar dan segera rehabilitasi  Atau mungkin pemerintah bisa bantu bikin rehabilitasi gratis buat yg kecanduan judi
150, RESULT OREGON  HARI JUMAT  OKTOBER  RESULT   SHIO  Kerbau SELAMAT KEPADA PEMENANG SALAM JP FLOKITOTO httpstcoULytZle
151,INFO SLOT GACOR GOBETASIA Jumat  OKTOBER   Mengetahui tips menang dalam memasang taruhan judi slot memang sangatlah penting   TEMPAT MAXWIN httpstcoVuifxKhVrH  gobetasia TZUYU AppleEvent slotgacor slotgacorhariini slotonline httpstcoijkHgfiXf
152, RESULT VIENNA HARI JUMAT  OKTOBER  RESULT   SHIO  Tikus SELAMAT KEPADA PEMENANG SALAM JP FLOKITOTO httpstcoPtjNKOALF
153,Info Slot Gacor DAYWINBET Jumat  Oktober   Mengetahui tips menang dalam memasang taruhan judi slot memang sangatlah penting Jika putaran terasa bagus coba buy spin di bet terendah  TEMPAT CUAN  httpstcoVJdGKZFqXC  daywinbet slotgacor slotonline InfoLoker httpstcoCOLPerCa
154, RESULT EIBAR HARI JUMAT  OKTOBER  RESULT   SHIO  Kelinci SELAMAT KEPADA PEMENANG SALAM JP FLOKITOTO httpstcotxNqGDNF
155, RESULT LOKOMOTIV HARI JUMAT  OKTOBER  RESULT   SHIO  Harimau SELAMAT KEPADA PEMENANG SALAM JP FLOKITOTO httpstcoQywRyVCFo
156, RESULT OREGON  HARI JUMAT  OKTOBER  RESULT   SHIO  Ular SELAMAT KEPADA PEMENANG SALAM JP FLOKITOTO httpstcoZwGoxqOvNT
157,Akun Youtube DPR Diretas Jadi Live Judi Slot BSSN Ungkap IP Address Pelaku Ada di Amerika Serikat httpstcovyExEOkR
158, RESULT MAGNUM D HARI JUMAT  OKTOBER  RESULT   SHIO  Ayam SELAMAT KEPADA PEMENANG SALAM JP FLOKITOTO httpstcoYplwbnbAK
159, RESULT MILLWALL HARI JUMAT  OKTOBER  RESULT   SHIO  Ular SELAMAT KEPADA PEMENANG SALAM JP FLOKITOTO httpstcoqnEQTcJg
160, RESULT OREGON  HARI JUMAT  OKTOBER  RESULT   SHIO  Kelinci SELAMAT KEPADA PEMENANG SALAM JP FLOKITOTO httpstcoxTRQbXsyJc
161, RESULT CAROLINA DAYS HARI JUMAT  OKTOBER  RESULT   SHIO  Ayam SELAMAT KEPADA PEMENANG SALAM JP FLOKITOTO httpstcojzrhyvtS
162,Mau ngusut judi slot fraud manipulasi data ehh malah dihalangi banteng Itu sebabnya pakdhe jokowi ku minta lawan megachan kusno pki pdip Franchise judi slot fraud pinjol mafia itu sarangnya di pdip Kali ini demi rakyat presiden melawan Rakyat pilih figur bkn krna kader pdip httpstcofTdjMSB
163, RESULT WATFORD HARI JUMAT  OKTOBER  RESULT   SHIO  Babi SELAMAT KEPADA PEMENANG SALAM JP FLOKITOTO httpstcoRolHxVNzA
164, RESULT CHINA NIGHT HARI JUMAT  OKTOBER  RESULT   SHIO  Harimau SELAMAT KEPADA PEMENANG SALAM JP FLOKITOTO httpstcoAobfzP
165,kita harus hormati presiden  periode yang dipilih rakyat selama ini banteng pki pdip kemaruk bisnis scam judi slot dan suka fraud pakai data org ini sudah tdk bsa di biarkan pakdhe jokowi figur dipilih rakyat non kader banteng anak cucu majapahit bersaudara vs pki pdip httpstcouqFoRaapPZ
